{
  "ExtractionRequest": {
    "@odata.type": "#ThomsonReuters.Dss.Api.Extractions.ExtractionRequests.ElektronTimeseriesExtractionRequest",
    "ContentFieldNames": [
      "Instrument ID",
      "High",
      "Low",
      "Last",
      "Volume",
      "VWAP"
    ],
    "IdentifierList": {
      "@odata.type": "#ThomsonReuters.Dss.Api.Extractions.ExtractionRequests.InstrumentIdentifierList",
      "InstrumentIdentifiers": [
        {
          "Identifier": "SCB.BK",
          "IdentifierType": "Ric"
        }
      ]
    },
    "Condition": {
      "StartDate": "2000-01-06T00:00:00.000Z",
      "EndDate": "2016-09-07T00:00:00.000Z"
    }
  }
}